{"camera_matrix": [[1157.778182774688, 0.0, 667.1138570961368], [0.0, 1152.8221741207772, 386.1245827133073], [0.0, 0.0, 1.0]], "dist_coeff": [[-0.24688506889845457, -0.023731547476991532, -0.001098313907280241, 0.0003510702801011206, -0.002598676658049158]]}